yossigo, 35   
oranagra, 35   
huangzhw, 14   
guybe7, 12   
sundb,  9   
hwware,  8   
panjf2000,  7   
madolson,  7   
zuiderkwast,  6   
hpatro,  5   
filipecosta90,  4   
yoav-steinberg,  3   
yangbodong22011,  3   
YaacovHazan,  3   
uriyage,  3   
itamarhaber,  3   
Axlgrep,  3   
yjph2000,  2   
yatsukhnenko,  2   
soloestoy,  2   
QuChen88,  2   
OhBonsai,  2   
MeirShpilraien,  2   
linyi-xq,  2   
igorwwwwwwwwwwwwwwwwwwww,  2   
zh1029,  1   
valentinogeron,  1   
trevor211,  1   
simonkotwicz,  1   
ShooterIT,  1   
ReaLNeroM,  1   
murolo,  1   
KinWaiYuen,  1   
JimB123,  1   
hzzb,  1   
guillemj,  1   
fatpat,  1   
eltociear,  1   
dgilman,  1   
devnexen,  1   
cnds,  1   
cl1118,  1   
chimney-lee,  1   
chenyang8094,  1   
chenxiao-xiaobai,  1   
cheese1,  1   
bugwz,  1   
botovq,  1   
bjosv,  1   
