vue-bot, 56   
dependabot[bot], 10   
ghost,  4   
posva,  3   
LongTengDao,  3   
eltociear,  3   
ygj6,  2   
teach-tian,  2   
SP4R0W,  2   
sanyuan0704,  2   
mayunhai,  2   
marcin-majewski-sonarsource,  2   
luoway,  2   
JuniorTour,  2   
hareku,  2   
zhangchen915,  1   
yuwu9145,  1   
yuler,  1   
yrk-creator,  1   
yehuajin,  1   
wprashed,  1   
warmsocks,  1   
ValueCoders,  1   
userQED,  1   
tyschroed,  1   
Tyorden,  1   
tweichart,  1   
trecenti,  1   
Tony-87,  1   
timgates42,  1   
thisYogesh,  1   
theskillwithin,  1   
takumu1011,  1   
staghouse,  1   
SMAKSS,  1   
simwipado,  1   
Shivansh2407,  1   
samxcode,  1   
ruanqiangbeyond,  1   
RossComputerGuy,  1   
rookieKing,  1   
rodrigograca31,  1   
rluvaton,  1   
reviewher,  1   
quizhpi,  1   
q970923066,  1   
PululuK,  1   
pimpeters,  1   
PeterChen1997,  1   
Pabitra-26,  1   
OddDev,  1   
nylltz,  1   
nowres,  1   
nodejs-ma,  1   
nguyenyou,  1   
Necmttn,  1   
MyHiHi,  1   
mw-kyz,  1   
mshahbazi,  1   
mitchellbryson,  1   
maurogandulfo,  1   
mateusvelleda,  1   
mateonunez,  1   
mangalan516,  1   
LoveofRedMoon,  1   
loeffel-io,  1   
lKk2,  1   
LittleWorker,  1   
linxz-coder,  1   
linlinyang,  1   
LeeeeeeM,  1   
KSH-code,  1   
kkkisme,  1   
kevinlens,  1   
kennyudekwu,  1   
kaorihata,  1   
JonathanChan94,  1   
JoinsG,  1   
john-ko,  1   
JoeyQiuYang,  1   
JodieShi,  1   
jesusvilla,  1   
IjtihadIslamEmon,  1   
HoldYourWaffle,  1   
him2him2,  1   
heybereket,  1   
happy-dc,  1   
Hamzaoutdoors,  1   
HaiTing-Zhu,  1   
haidongwang-github,  1   
guohuihot,  1   
GTRgoSky,  1   
godky,  1   
gimnakatugampala,  1   
GGupzHH,  1   
farjanaHuq,  1   
eunjae-lee,  1   
ErvenDai,  1   
despreston,  1   
danielsuguimoto,  1   
CodeDeli,  1   
cmc3cn,  1   
Chinansjt,  1   
callumgare,  1   
Brooooooklyn,  1   
bowencool,  1   
bakugod,  1   
Ao-2,  1   
answershuto,  1   
ammar5625,  1   
aly2,  1   
alanmatw,  1   
aka434112,  1   
ahaoboy,  1   
adityanjr,  1   
adi302001,  1   
Abuntxa,  1   
1o1w1,  1   
