acdlite, 56   
bvaughn, 29   
rickhanlonii, 26   
gaearon, 21   
sebmarkbage, 17   
dependabot[bot], 11   
eps1lon,  3   
yungsters,  2   
taichiyi,  2   
JoshuaGross,  2   
DerrickCN,  2   
whiteand,  1   
ttesh,  1   
susiwen8,  1   
SuprajaAle,  1   
soya14,  1   
shergin,  1   
sealmindset,  1   
rubennorte,  1   
ravigadhia,  1   
Quintis1212,  1   
otlbb9527,  1   
oscarlijo,  1   
nikhilsmehta,  1   
nchathu2014,  1   
MYGITHUBWHO,  1   
lordfalah,  1   
leee1846,  1   
koba04,  1   
hecerinc,  1   
hash-dev,  1   
gulshanyadav01,  1   
GITDengMing,  1   
ChrisDobby,  1   
callmetwan,  1   
bowen31337,  1   
bgirard,  1   
Amruta1311,  1   
amensum,  1   
airimovici,  1   
