jrodewig, 69   
nik9000, 16   
tlrx, 10   
ywelsch,  9   
szabosteve,  7   
danhermann,  7   
andreidan,  7   
romseygeek,  6   
martijnvg,  6   
javanna,  6   
lockewritesdocs,  5   
dakrone,  5   
fcofdez,  4   
benwtrent,  4   
probakowski,  3   
matriv,  3   
mark-vieira,  3   
jakelandis,  3   
iverase,  3   
imotov,  3   
bpintea,  3   
sethmlarson,  2   
jimczi,  2   
dimitris-athanasiou,  2   
debadair,  2   
DaveCTurner,  2   
nephel,  1   
lcawl,  1   
gf2121,  1   
droberts195,  1   
dnhatn,  1   
csoulios,  1   
brusic,  1   
astefan,  1   
