dreis2211, 36   
izeye, 23   
bono007,  7   
runningcode,  4   
robert-smith-911,  4   
cdalexndr,  4   
wesuga,  3   
stategen,  3   
JimStockwell,  3   
hatefpalizgar,  3   
eddumelendez,  3   
artembilan,  3   
YooInKeun,  2   
Wzy19930507,  2   
somayaj,  2   
shakuzen,  2   
PascalSchumacher,  2   
meistermeier,  2   
jonatan-ivanov,  2   
garyrussell,  2   
andrey4623,  2   
xJoeWoo,  1   
WqyJh,  1   
wolfs,  1   
weixsun,  1   
wbmins,  1   
wanderleisouza,  1   
wambugucoder,  1   
vseibt,  1   
vpelikh,  1   
vladdoster,  1   
vkuzel,  1   
VinodAnandan,  1   
valfirst,  1   
uc4w6c,  1   
ttddyy,  1   
trungPa,  1   
topikachu,  1   
strehle,  1   
stokpop,  1   
spartusch,  1   
Soontao,  1   
sdeleuze,  1   
SCORE1387,  1   
rwanderc,  1   
Rohatsahin,  1   
renhhh,  1   
rand0m86,  1   
raddatzk,  1   
philsttr,  1   
pedivo,  1   
pdambrauskas,  1   
oneGeekOfJava,  1   
omlip,  1   
oleg-sukhov,  1   
nohn,  1   
nntk,  1   
mustafau,  1   
mruzicka,  1   
MikeN123,  1   
metacubed,  1   
melix,  1   
melburne,  1   
mdeinum,  1   
maruoovv,  1   
martindacos,  1   
mariammartinez,  1   
lzx404243,  1   
lizhuoxuan,  1   
kedar-joshi,  1   
jxblum,  1   
Jurrie,  1   
jongmin92,  1   
JohnNiang,  1   
joca-bt,  1   
jnizet,  1   
jirkait,  1   
jieaotulip,  1   
jbertram,  1   
hpoettker,  1   
hengyunabc,  1   
hebo6,  1   
GreenRover,  1   
gesellix,  1   
fu9809,  1   
friscoMad,  1   
framon,  1   
feierte,  1   
evgeniycheban,  1   
edwardsre,  1   
dxmann73,  1   
dsyer,  1   
CubeOfCheese,  1   
cquoss,  1   
cprayer,  1   
chenrujun,  1   
chaundhyan,  1   
burnandgun,  1   
brenuart,  1   
bdemers,  1   
bal360,  1   
aurelien-baudet,  1   
asheCarry,  1   
anudeepg,  1   
airson-yu,  1   
aaronjwhiteside,  1   
a1015032205,  1   
