dependabot[bot], 51   
camperbot, 37   
nhcarrigan, 20   
RandellDawson, 13   
raisedadead, 13   
Sembauke,  9   
ojeytonwilliams,  9   
supzi-del,  4   
ShaunSHamilton,  4   
PatrickFranz,  3   
melusc,  3   
LaurentLabine,  3   
CoolBlueDesigns,  3   
werdna521,  2   
NinjaInShade,  2   
Ne0nWinds,  2   
Mikadifo,  2   
gracewest333,  2   
gikf,  2   
y-arjun-y,  1   
vaishaligupta2000,  1   
urieldhs53,  1   
SethFalco,  1   
RafaelDavisH,  1   
pandacoder7,  1   
moT01,  1   
kelvinsanchez15,  1   
HBDanks,  1   
HasanulRafi,  1   
fuzzyray,  1   
Evavic44,  1   
emerconghaile,  1   
dizz-y,  1   
D-Antonelli,  1   
ahmadabdolsaheb,  1   
