kamipo, 17   
jonathanhefner, 11   
casperisfine, 10   
henrik,  9   
ghiculescu,  8   
eileencodes,  8   
p8,  7   
abhaynikam,  6   
jhawthorn,  5   
adityapandit17,  5   
yahonda,  4   
seanpdoyle,  4   
okuramasafumi,  4   
gmcgibbon,  4   
santib,  3   
dhh,  3   
tjschuck,  2   
skipchris,  2   
schmijos,  2   
robotfelix,  2   
ricardotk002,  2   
ojab,  2   
NatMorcos,  2   
jorgemanrubia,  2   
intrip,  2   
f6p,  2   
dylanahsmith,  2   
dinahshi,  2   
ashiksp,  2   
afrase,  2   
Yegorov,  1   
wonda-tea-coffee,  1   
websebdev,  1   
vtamara,  1   
ttanimichi,  1   
tkusuki,  1   
tenderlove,  1   
ted-hanson,  1   
tagliala,  1   
sunny,  1   
sohaibbhatti,  1   
soartec-lab,  1   
smartygus,  1   
skryukov,  1   
shunichi,  1   
ryu39,  1   
Roriz,  1   
rafaelfranca,  1   
radar,  1   
Parkyes90,  1   
paracycle,  1   
NielsKSchjoedt,  1   
nickborromeo,  1   
movermeyer,  1   
morgoth,  1   
mollerhoj,  1   
MmKolodziej,  1   
MikeRogers0,  1   
mathieugagne,  1   
m-antis,  1   
leequarella,  1   
lairtonmendes,  1   
joshleblanc,  1   
jbampton,  1   
javawizard,  1   
ivan-denysov,  1   
hahmed,  1   
gwincr11,  1   
gretch,  1   
GlenCrawford,  1   
fredplante,  1   
fatkodima,  1   
eltongo,  1   
ElMassimo,  1   
dsounded,  1   
dmilburn,  1   
djpowers,  1   
debanne,  1   
CUnknown,  1   
coding-bunny,  1   
calleluks,  1   
BrentWheeldon,  1   
bradleypriest,  1   
ayrton,  1   
aweglteo,  1   
austenmadden,  1   
andrehjr,  1   
alkesh26,  1   
AlexB52,  1   
akaspick,  1   
aeroastro,  1   
adrianna-chang-shopify,  1   
A7madXatab,  1   
97jaz,  1   
