rogerluan, 35   
joshdholtz, 26   
ainame, 18   
att55,  6   
Kukurijek,  4   
jgongo,  4   
DavidBrunow,  4   
minuscorp,  3   
max-ott,  3   
lhunath,  3   
krish722,  3   
KartikSoneji,  3   
jhandguy,  3   
gsavit,  3   
felginep,  3   
Dinsen,  3   
crazymanish,  3   
Ast3r10n,  3   
ulugbekov,  2   
phil-zZ,  2   
persianyagami90xs,  2   
nimau,  2   
kohtenko,  2   
Katsz,  2   
dcacenabes,  2   
Cyberbeni,  2   
chenrui333,  2   
acasademont,  2   
yunhao,  1   
WezSieTato,  1   
valerio-castelli,  1   
thillsman,  1   
thilek,  1   
tbodt,  1   
tastafur,  1   
sztwiorok,  1   
sroebert,  1   
sonicdoe,  1   
sanzaru,  1   
RomanTysiachnik,  1   
ricardohochman,  1   
raulriera,  1   
plu,  1   
nrogness,  1   
neilco,  1   
nboueme,  1   
MrAlone,  1   
mokagio,  1   
michaellenaghan,  1   
MaatheusGois,  1   
lkesteloot,  1   
liefersfl,  1   
Lewis-Bright,  1   
kohenkatz,  1   
JrGoodle,  1   
johndbritton,  1   
i-need-to-tell-you-something,  1   
igor-makarov,  1   
Hiroto-N,  1   
gobetti,  1   
georgeok,  1   
fstaine,  1   
everlof,  1   
EpaL,  1   
elliottwilliams,  1   
Econa77,  1   
diskshima,  1   
dgrigansky,  1   
csc-EricWu,  1   
chickahoona,  1   
builtbyproxy,  1   
brandon-carpenter,  1   
bolom,  1   
BoaNeo,  1   
bimusiek,  1   
atyndall,  1   
ariofrio,  1   
alexisbronchart,  1   
